{
  "run_id": "eval-20260702-093337",
  "generated_at": "2026-07-02T09:33:37.080041Z",
  "dataset_size": 100,
  "research_accuracy": 0.0,
  "icp_accuracy": 0.7482,
  "persona_accuracy": 0.11,
  "pain_point_accuracy": 0.0,
  "reviewer_agreement": 1.0,
  "email_similarity": 0.24556754133574651,
  "avg_latency_ms": 0.9697111858986318,
  "avg_cost_usd": 0.006835,
  "avg_tokens": 2734.0
}